en	promedmail	1669
es	promedmail	851
zh	promedmail	565
pt	promedmail	371
en	fao	251
en	patch	185
ru	promedmail	126
en	indiatimes	113
zh	shanghaidaily	103
fr	promedmail	101
ar	promedmail	98
en	therepublic	56
zh	awoko	55
en	cbslocal	50
en	foodsafetynews	50
en	foodpoisoningbulletin	46
zh	fao	44
en	hindustantimes	38
es	witf	38
en	oie	36
zh	7thspace	36
ar	michiganradio	36
en	examiner	32
en	nj	32
es	fao	32
en	bbc	31
en	eurosurveillance	30
pt	indiatimes	30
en	tribune	29
es	patch	28
zh	oyetimes	27
zh	newsday	27
en	wlns	26
zh	india	25
zh	peopledaily	24
zh	yahoo	24
en	cbc	24
en	nbcnews	24
en	who	24
en	allafrica	23
en	wickedlocal	23
en	bizjournals	23
en	healthmap	23
es	plenglish	22
es	eagletribune	21
en	ctvnews	21
es	eurosurveillance	21
en	newsday	21
en	indianexpress	20
id	promedmail	20
en	thenews	19
ar	fao	19
zh	journalstandard	19
en	go	19
ru	fao	19
en	10tv	19
zh	azcentral	19
zh	pjstar	18
en	business-standard	18
en	boston	17
en	themorningsun	17
en	mlive	17
en	wsaz	16
es	indiatimes	16
en	necn	16
en	thehindu	16
en	kfvs12	16
ar	wboy	15
en	foodpoisonjournal	15
en	yahoo	15
en	neontommy	15
es	healthmap	15
en	sunstar	15
pt	nbcdfw	15
en	stuff	15
en	thepacker	15
en	bostonglobe	14
pt	syracuse	14
en	michiganradio	14
en	newsplex	14
en	nation	14
fr	clintonherald	14
en	wboy	14
en	india	14
es	foodpoisoningbulletin	14
en	pharmpro	14
zh	thehorse	14
en	wvgazette	14
en	in	13
es	therepublic	13
es	foodsafetynews	13
en	chicagotribune	13
es	wowktv	13
zh	msf	13
en	suntimes	13
zh	globaltimes	13
zh	wect	13
zh	cmaj	12
ru	kttn	12
en	deccanherald	12
zh	foxnews	12
ar	foodsafetynews	12
en	brevardtimes	12
zh	unicef	12
en	thehorse	11
en	tennessean	11
es	newstalkzb	11
zh	ugpulse	11
en	bhaskar	11
en	thehimalayantimes	11
zh	neontommy	11
pt	deccanchronicle	11
en	wbir	11
ru	whtimes	11
zh	gnom	10
zh	nbcnews	10
ru	indiatimes	10
fr	cbslocal	10
en	wect	10
en	foodbeat	10
pt	thejakartapost	10
en	northescambia	10
en	wjtv	10
ru	patch	10
ru	thestandard	10
en	bestsyndication	10
en	upnorthlive	10
en	qctimes	10
zh	patch	10
zh	gulflive	10
en	dailyfinance	10
es	wboc	10
es	nbcnews	10
en	dispatch	10
en	fwi	10
ru	inquirer	10
en	7thspace	10
zh	jamestownsun	10
es	ng	9
es	kcentv	9
en	stltoday	9
es	innisfilscope	9
es	who	9
en	wcvb	9
en	state	9
fr	foodsafetynews	9
en	centredaily	9
es	stuff	9
zh	wbir	9
es	democracynow	9
en	news	9
en	nasdaq	9
zh	farms	9
en	wilx	9
en	wmbb	9
ar	bbc	9
zh	newswise	9
zh	farminguk	9
en	poconorecord	9
fr	foodbeat	9
en	firstcoastnews	9
en	brecorder	9
en	boisestatepublicradio	9
zh	gmanetwork	9
zh	businessweek	9
zh	vietnamnews	9
zh	wilx	9
en	dailymail	9
en	vietnamnews	9
en	kcci	9
en	abc	9
pt	dailyvoice	9
fr	patch	8
es	allafrica	8
en	wcfcourier	8
en	torontosun	8
en	washingtonpost	8
en	businessweek	8
ar	therepublic	8
en	vaccinenewsdaily	8
zh	bhaskar	8
en	monitor	8
en	thenewsstar	8
zh	eurosurveillance	8
en	wzzm13	8
en	kwtx	8
en	clickorlando	8
en	marketwatch	8
en	foodqualitynews	8
pt	bannergraphic	8
es	wlns	8
zh	healthywildlife	8
en	myfoxny	8
ar	nj	8
en	dailypioneer	8
ru	wireupdate	8
en	stv	8
ar	wboc	8
en	radioiowa	8
en	digtriad	8
ar	fox59	8
es	oem	8
en	sj-r	8
es	newschannel5	8
en	newstrackindia	8
en	wpri	8
en	itv	8
en	cnn	8
en	kcentv	7
en	610cktb	7
en	news-journal	7
en	greenfieldreporter	7
en	sys-con	7
en	newschannel5	7
fr	wbir	7
en	thepoultrysite	7
en	dawn	7
es	vancouversun	7
en	canberratimes	7
en	timesunion	7
en	wsls	7
zh	healthmap	7
en	livingstondaily	7
id	fao	7
zh	allafrica	7
es	nbcbayarea	7
en	northjersey	7
en	wowktv	7
es	sabc	7
en	fosters	7
en	deccanchronicle	7
en	mysuburbanlife	7
es	vaccinenewsdaily	7
en	mercurynews	7
zh	hickoryrecord	7
en	newvision	7
fr	10tv	7
en	independent	7
en	nbcdfw	7
en	go-jamaica	7
zh	vendingmarketwatch	7
es	washingtonpost	7
zh	dailyfinance	7
pt	neontommy	7
zh	foodsafetynews	7
ru	hindustantimes	7
en	kstp	7
en	windsorstar	7
en	pakistantoday	7
en	medicalxpress	7
en	denverpost	6
pt	hindustantimes	6
zh	thisisnottingham	6
en	ldnews	6
en	startribune	6
es	kwwl	6
zh	wsaz	6
pt	theindychannel	6
es	wtva	6
en	wkyt	6
en	plenglish	6
es	midhudsonnews	6
en	whptv	6
fr	wlns	6
es	wpsdlocal6	6
es	newser	6
en	ktvu	6
en	ooskanews	6
en	infozine	6
es	examiner	6
ru	fayobserver	6
en	khozradio	6
en	keyc	6
en	witf	6
fr	irinnews	6
ru	ksdk	6
en	unionleader	6
en	reuters	6
fr	michigan	6
en	philstar	6
en	wdio	6
en	whiterivernews	6
fr	nbcwashington	6
en	witn	6
zh	livingstondaily	6
fr	livingstondaily	6
es	tvnz	6
en	topnews	6
en	star-telegram	6
zh	washingtonpost	6
pt	fao	6
en	heraldonline	6
en	wxow	6
en	latimes	6
fr	cbc	6
en	eagletribune	6
ru	foodsafetynews	6
en	usda	6
fr	thenews	6
en	5newsonline	6
zh	ksdk	6
fr	tennessean	6
en	nbc40	6
es	nytimes	6
zh	cbslocal	6
ru	geo	6
en	farms	6
pt	pattayadailynews	6
es	huffingtonpost	6
zh	kmjnow	6
es	ugpulse	6
zh	deccanherald	6
en	tri-cityherald	6
fr	freep	6
en	thefishsite	6
ru	knoe	6
es	cbslocal	6
en	shanghaidaily	6
pt	10tv	6
en	nzherald	6
en	jagran	6
zh	fox11online	6
en	sfgate	6
en	northlandsnewscenter	6
en	voanews	6
en	pennlive	6
en	enewspf	6
en	ynn	6
zh	chinadaily	6
en	bignewsnetwork	5
ru	clintonherald	5
ru	wlns	5
en	browncountyindiana	5
en	sun-sentinel	5
fr	lakeconews	5
en	umn	5
es	saudigazette	5
fr	neontommy	5
en	caller	5
pt	villagesoup	5
en	4-traders	5
en	newstalkzb	5
zh	yonhapnews	5
en	metronews	5
en	firstpost	5
es	go	5
en	thetimesherald	5
fr	nbc40	5
es	go-jamaica	5
en	twocircles	5
es	arkansasonline	5
es	kktv	5
en	fox59	5
pt	gazettenet	5
es	cnn	5
en	wcnc	5
en	google	5
zh	go	5
en	knoe	5
en	pe	5
en	dailytribune	5
es	dailyrecord	5
en	inquirer	5
ru	rbth	5
es	alicetx	5
en	abc27	5
en	cjad	5
en	newser	5
en	nola	5
fr	reuters	5
fr	theglobeandmail	5
es	myfoxny	5
en	voxy	5
en	focustaiwan	5
zh	foodpoisoningbulletin	5
en	tallahassee	5
en	jsonline	5
en	sacbee	5
en	orlandosentinel	5
fr	foodpoisoningbulletin	5
en	syracuse	5
en	worldpoultry	5
en	rttnews	5
en	dailytimes	5
ru	thetimesherald	5
es	pnj	5
zh	who	5
es	nationalpost	5
en	staceypageonline	5
en	mainlinemedianews	5
en	rapidcityjournal	5
en	milforddailynews	5
es	democratherald	5
en	ktxs	5
zh	redorbit	5
en	kwwl	5
en	cmaj	5
en	dnaindia	5
en	the-star	5
en	bulletnewsniagara	5
en	environmental-expert	5
fr	tribune	5
en	guardian	5
es	infozine	5
zh	foodpoisonjournal	5
en	msf	5
es	gnom	5
en	9wsyr	5
es	voanews	5
en	dayandnightnews	4
en	scotsman	4
en	sundaygazettemail	4
en	foxnews	4
en	mariettatimes	4
en	unicef	4
zh	crescent-news	4
fr	vaccinenewsdaily	4
en	thedailyjournal	4
zh	digtriad	4
es	lbc	4
ru	ghananewsagency	4
en	marinij	4
en	gmanetwork	4
en	standardmedia	4
fr	poststar	4
es	theyucatantimes	4
pt	therepublic	4
zh	macaudailytimes	4
pt	wsaz	4
es	allvoices	4
en	pia	4
en	twincities	4
en	nhregister	4
en	journalnow	4
en	ap	4
id	bannergraphic	4
fr	starfl	4
en	660news	4
pt	newschannel5	4
en	bigpondnews	4
en	norwichbulletin	4
en	freep	4
es	sudantribune	4
en	fox19	4
en	foodproductiondaily	4
id	pharmpro	4
fr	medicalxpress	4
ru	bannergraphic	4
en	jamestownsun	4
zh	bbc	4
en	cdc	4
ru	business-standard	4
en	prweb	4
es	clickorlando	4
en	thejakartapost	4
ru	foodbeat	4
ru	lbc	4
fr	bbc	4
en	insurancejournal	4
es	kens5	4
en	asianage	4
es	bannergraphic	4
es	foxnews	4
en	woi-tv	4
en	ksla	4
en	montrealgazette	4
en	ctbulletin	4
en	woodtv	4
en	kspr	4
ru	suntimes	4
ru	dailymail	4
en	vancouversun	4
ar	tennessean	4
es	delconewsnetwork	4
en	wesh	4
en	therecord	4
en	foodconsumer	4
en	wtrf	4
en	cleveland	4
ru	ekantipur	4
pt	munciefreepress	4
fr	infozine	4
en	wlfi	4
ar	thestandard	4
zh	environmental-expert	4
en	sudantribune	4
en	wbur	4
es	jamestownsun	4
en	journal-news	4
en	saudigazette	4
en	detroitnews	4
en	wdin	4
zh	moa	4
en	centralillinoisproud	4
fr	wsoctv	4
es	thisiscornwall	4
pt	e-pao	4
pt	msf	4
es	azcentral	4
en	thestate	4
ar	erietvnews	4
en	intoday	4
en	wafb	4
en	brisbanetimes	4
es	knoe	4
en	webwire	4
es	nnsl	4
pt	pharmpro	4
es	cjad	4
en	lohud	4
en	azcentral	4
en	masslive	4
en	bernama	4
en	wishtv	4
es	vietnamnews	4
es	peopledaily	4
en	observer-reporter	4
es	bbc	4
en	frenchtribune	4
en	wibw	4
zh	starafrica	4
fr	who	4
en	wctrib	4
en	theaustralian	4
en	thespec	4
en	whbf	4
en	wavy	4
en	france24	4
fr	newsday	4
fr	examiner	4
es	agra-net	4
en	sunherald	4
en	thechronicleherald	4
es	whtimes	4
en	aachener-zeitung	4
en	kctv5	4
en	wspa	4
en	farmersguardian	4
ru	wowktv	4
id	johnogroat-journal	4
es	nbcsandiego	4
en	nwitimes	4
fr	wctrib	4
zh	lancashiretelegraph	4
es	wireupdate	4
en	wtva	4
ar	7thspace	4
en	14news	4
en	ky3	4
en	reviewonline	4
en	thenational	4
fr	voanews	4
pt	patch	4
pt	wggb	4
en	kstc45	4
en	chch	4
en	nbc4i	4
en	chinapost	4
en	mihomepaper	4
en	huffingtonpost	4
en	bannergraphic	4
en	outlookindia	4
es	travelmole	4
en	iol	4
es	heraldsun	4
en	timescolonist	4
en	thesunchronicle	4
en	lansingstatejournal	3
es	nursinginpractice	3
es	winnipegfreepress	3
en	stockjournal	3
en	delmarvanow	3
en	whiotv	3
pt	who	3
en	fox10tv	3
pt	cbslocal	3
es	wcvb	3
en	insidebayarea	3
en	ekantipur	3
zh	cbsnews	3
en	registerguard	3
es	deseretnews	3
en	northbaybusinessjournal	3
fr	wzzm13	3
en	theglobeandmail	3
fr	wsaz	3
pt	wlns	3
en	wpln	3
en	channelnewsasia	3
es	wmbb	3
en	munciefreepress	3
zh	heraldonline	3
ar	who	3
en	lep	3
en	wkrg	3
pt	sfgate	3
en	petoskeynews	3
zh	wlns	3
en	usnews	3
ar	lep	3
en	pressherald	3
en	gazettetimes	3
en	coventrytelegraph	3
pt	wilx	3
en	abcnews4	3
fr	fao	3
en	usrecallnews	3
en	theindychannel	3
pt	democratherald	3
ru	pia	3
en	bnd	3
fr	ngrguardiannews	3
en	republicanherald	3
en	connectmidmissouri	3
ar	thenational	3
es	connectmidmissouri	3
en	irinnews	3
ar	examiner	3
es	neontommy	3
es	wtvr	3
en	fayobserver	3
en	thestar	3
en	contracostatimes	3
en	bostonherald	3
es	montgomeryadvertiser	3
es	sabahionline	3
en	wdrb	3
en	walb	3
en	fox13now	3
id	livingstondaily	3
id	boisestatepublicradio	3
pt	wcax	3
zh	foodproductiondaily	3
en	mitchellrepublic	3
en	crescent-news	3
en	mynews4	3
pt	journalnow	3
en	travelmole	3
es	dallasnews	3
en	monroenews	3
en	kotanow	3
en	dailyrecord	3
en	thedailyreporter	3
en	southwalesargus	3
en	cbsnews	3
en	pantagraph	3
en	kens5	3
en	costaricantimes	3
en	turnto10	3
en	570news	3
en	ozarksfirst	3
zh	wane	3
en	globalnews	3
zh	monroenews	3
pt	king5	3
en	lemarssentinel	3
ru	redditchstandard	3
en	nnsl	3
en	timesrecordnews	3
en	kmjnow	3
ru	wsaz	3
es	woi-tv	3
en	jdnews	3
es	foodqualitynews	3
en	counton2	3
es	770kob	3
zh	thanhniennews	3
en	myfox8	3
en	portalangop	3
zh	cri	3
en	cavalierdaily	3
en	floridatoday	3
es	tallahassee	3
zh	examiner	3
ar	saudigazette	3
fr	mlive	3
en	tcpalm	3
es	foodconsumer	3
es	marinij	3
en	messenger-index	3
en	alaskadispatch	3
en	ngrguardiannews	3
en	geo	3
pt	health24	3
en	ksdk	3
es	aht	3
en	wggb	3
en	indianasnewscenter	3
en	desmoinesregister	3
en	nbcsandiego	3
en	tmnews	3
pt	deseretnews	3
es	northescambia	3
en	bradenton	3
en	dailydemocrat	3
en	thewestmorlandgazette	3
pt	lansingstatejournal	3
ar	agi	3
pt	theadvocate	3
en	accvonline	3
es	irishtimes	3
pt	google	3
zh	tennessean	3
en	douglascountyherald	3
en	kaaltv	3
es	wivb	3
en	pnj	3
en	dailyfreeman	3
pt	1011now	3
en	riverfronttimes	3
en	patriotledger	3
en	local15tv	3
pt	kbtx	3
en	clintonherald	3
es	havasunews	3
pt	newser	3
en	theargus	3
en	thenewsherald	3
es	10tv	3
en	myrecordjournal	3
en	marionstar	3
en	annarbor	3
en	thisisstaffordshire	3
en	stratford-herald	3
en	thestandard	3
pt	journal-news	3
es	mercopress	3
en	sanluisobispo	3
ar	inquirer	3
en	kristv	3
en	limaohio	3
zh	sunstar	3
es	theyeshivaworld	3
en	delawareonline	3
en	heritage	3
fr	fox19	3
en	theday	3
en	globaltimes	3
en	nwmissourinews	3
fr	topnews	3
id	msf	3
en	kionrightnow	3
ar	stuff	3
en	deseretnews	3
en	kelownadailycourier	3
en	lubbockonline	3
en	phuketwan	3
en	wmfd	3
pt	stratford-herald	3
en	katc	3
en	seattletimes	3
es	timescolonist	3
es	foodproductiondaily	3
en	southbendtribune	3
es	marionstar	3
ru	cbslocal	3
es	lancashiretelegraph	3
es	twocircles	3
zh	focustaiwan	3
es	mariettatimes	3
en	myfoxdetroit	3
en	bangordailynews	3
es	costaricantimes	3
zh	indiatimes	3
pt	foodsafetynews	3
en	inforum	3
es	vendingmarketwatch	3
es	annarbor	3
fr	dailypioneer	3
ar	wlns	3
en	redditchstandard	3
pt	times-herald	3
en	thecitizen	3
en	fox11online	3
en	ugpulse	3
en	fox47news	3
en	muskogeephoenix	3
en	morningjournal	3
en	baltimoresun	3
en	thefrontierpost	3
pt	livingstondaily	3
zh	kcentv	3
es	columbian	3
es	thenewsherald	3
ar	huffingtonpost	3
en	wltx	3
ru	kctv5	3
fr	health24	3
en	hazard-herald	3
en	journalstar	3
es	sfgate	3
ru	billingsgazette	3
en	wday	3
zh	inforum	3
en	argusleader	3
es	fwi	3
en	nbcbayarea	3
pt	innisfilscope	3
en	norwalkplus	3
fr	ugpulse	3
en	nbcnewyork	3
fr	mariettatimes	3
fr	e-pao	3
pt	kachinnews	3
en	wktv	3
en	gnom	3
zh	citizen-times	3
ru	healthywildlife	3
en	winknews	3
en	courierpostonline	3
en	marinscope	3
fr	sunstar	3
en	wnem	3
zh	tribune	3
en	samaylive	3
zh	wggb	3
fr	brantfordexpositor	3
en	mykawartha	3
en	hamptonroads	3
en	kttn	3
zh	ghanaweb	3
ru	chroniclenewspaper	3
en	publicradio	3
en	wtov9	3
en	tvnz	3
pt	kolotv	3
en	pakobserver	3
en	augusta	3
zh	necn	3
en	citizen-times	3
en	midhudsonnews	3
pt	reuters	3
en	nbcwashington	3
en	clarksvilleonline	3
fr	healthywildlife	3
en	wral	3
en	reporter-times	3
en	winnipegfreepress	3
pt	mlive	3
es	ca	3
en	13abc	3
en	redorbit	3
en	nzdoctor	3
en	eastcountymagazine	3
en	cfnews13	3
pt	wbir	3
es	newsday	3
en	scmp	3
es	businessweek	3
zh	capitalfm	3
en	michigan	3
en	yourhoustonnews	3
ar	deseretnews	3
es	windsorstar	3
ru	emirates247	3
ru	unionleader	3
en	fox5vegas	3
fr	boisestatepublicradio	3
en	theborneopost	3
en	mysanantonio	3
en	wbaa	3
en	calgaryherald	3
pt	inquirer	3
fr	clickorlando	3
pt	newsday	2
es	dominicantoday	2
es	wafb	2
fr	worldcrunch	2
es	wbir	2
fr	crescent-news	2
en	rochesterhomepage	2
fr	kristv	2
en	metrowestdailynews	2
fr	castanet	2
en	irontontribune	2
en	richmondregister	2
en	daily-mail	2
pt	katc	2
en	chinadaily	2
zh	pbs	2
en	oem	2
ar	thesunchronicle	2
en	enterprise-journal	2
fr	woi-tv	2
ru	knightnews	2
en	wpsdlocal6	2
es	7thspace	2
en	whlt	2
zh	rappler	2
es	fcmbl	2
ru	thechronicleherald	2
en	courierpress	2
en	montgomeryadvertiser	2
en	770kob	2
zh	pharmpro	2
en	fredericknewspost	2
en	fox8	2
ru	foodconsumer	2
en	npr	2
en	ruvr	2
zh	kaj18	2
id	kltv	2
en	picayuneitem	2
en	jacksonfreepress	2
en	wtvr	2
en	trust	2
en	statesman	2
fr	windsorstar	2
en	ng	2
pt	kiiitv	2
en	thanhniennews	2
en	billingsgazette	2
en	idahostatejournal	2
en	medcitynews	2
es	worldpoultry	2
zh	ibtimes	2
es	japantimes	2
en	thefloridacurrent	2
en	djournal	2
fr	newstrib	2
zh	infozine	2
es	wisconsinrapidstribune	2
en	msnewsnow	2
en	khastv	2
en	aht	2
en	ksfy	2
en	wmctv	2
en	thesundaily	2
en	redditchadvertiser	2
zh	bellinghamherald	2
pt	wspa	2
id	monitor	2
en	observertoday	2
zh	billingsgazette	2
es	unionleader	2
fr	7thspace	2
es	riverfronttimes	2
en	gloucestertimes	2
en	globegazette	2
en	tuoitrenews	2
ar	kttn	2
es	republicanherald	2
fr	msf	2
en	kaj18	2
en	coloradoan	2
en	clickondetroit	2
en	capitalfm	2
en	dominicantoday	2
en	wthitv	2
en	healthywildlife	2
en	centralkynews	2
es	topnews	2
en	abc4	2
en	ninemsn	2
en	bayofplentytimes	2
en	dallasnews	2
es	hmbreview	2
en	jacksonville	2
es	centralasiaonline	2
es	guardian	2
es	unicef	2
es	augusta	2
zh	wctrib	2
es	610cktb	2
en	kcrg	2
ru	ng	2
es	liverpoolecho	2
es	newvision	2
en	sfluxe	2
en	thesudburystar	2
zh	newstalk1010	2
en	allvoices	2
en	abs-cbnnews	2
en	krsl	2
zh	democracynow	2
en	ksby	2
es	aginfo	2
en	livescience	2
fr	thehindu	2
en	citizen	2
en	heraldsun	2
pt	midlandfreepress	2
fr	prweb	2
zh	wbur	2
en	wgrz	2
en	orissadiary	2
zh	clarksvilleonline	2
ru	sfgate	2
pt	cnn	2
es	tennessean	2
en	yonhapnews	2
en	madisoncourier	2
en	scoopsandiego	2
en	ekstrabladet	2
en	kvoa	2
es	kctv5	2
es	thepacker	2
en	pottsmerc	2
en	utsandiego	2
es	thestate	2
ar	kfvs12	2
en	emirates247	2
en	yumapioneer	2
ar	dairyherd	2
en	wsoctv	2
zh	mlive	2
en	emissourian	2
es	walb	2
en	lacrossetribune	2
ru	news	2
en	wsfa	2
en	moa	2
fr	allafrica	2
en	barfblog	2
pt	peopledaily	2
en	kdal610	2
en	theledger	2
pt	ft	2
en	tempo	2
pt	greenfieldreporter	2
en	abilene-rc	2
es	hindustantimes	2
es	dairyherd	2
en	theprovince	2
en	fox28	2
fr	therepublic	2
es	kstp	2
es	katc	2
en	midlandsconnect	2
ar	khozradio	2
en	chattanoogan	2
es	yorkshireeveningpost	2
en	kait8	2
en	nbcphiladelphia	2
es	sys-con	2
ru	hometownstation	2
en	todaysthv	2
en	nytimes	2
ru	foodpoisonjournal	2
en	dailyherald	2
en	chilliwacktimes	2
pt	examiner	2
en	wtvy	2
zh	therepublic	2
en	wkyc	2
en	thisishampshire	2
en	fenceviewer	2
es	nbc40	2
zh	thefountainpen	2
zh	cnn	2
en	staradvertiser	2
en	northernadvocate	2
ru	tennessean	2
zh	marshfieldnewsherald	2
en	radionz	2
es	kiiitv	2
es	nbcwashington	2
en	dailynews	2
en	providencejournal	2
es	doorcountyadvocate	2
en	sundaytimes	2
ar	emirates247	2
en	willitsnews	2
en	ktiv	2
fr	lacrossetribune	2
en	myfoxatlanta	2
en	sunnewsnetwork	2
en	fijitimes	2
en	kpax	2
es	redorbit	2
es	wataugademocrat	2
en	observer	2
ar	thebraziltimes	2
en	todaystmj4	2
en	kvia	2
en	prnewswire	2
es	chch	2
es	lincolncourier	2
en	bloomberg	2
es	kvia	2
ar	iol	2
en	ktbs	2
id	wbir	2
ar	infozine	2
zh	rttnews	2
en	wkyufm	2
es	sunstar	2
pt	argentinaindependent	2
es	theadvocate	2
es	healthywildlife	2
en	eturbonews	2
pt	nbcnews	2
es	globaltimes	2
pt	sys-con	2
fr	thehorse	2
en	thecommunityvoice	2
en	wtnh	2
ar	wsaz	2
en	perishablenews	2
zh	centredaily	2
es	kwtx	2
en	abc6	2
en	kwqc	2
pt	wtop	2
es	syracuse	2
id	thejakartapost	2
es	yahoo	2
en	oleantimesherald	2
en	journalstandard	2
en	thecourier	2
en	abc-7	2
en	ajc	2
pt	fox19	2
en	wrta	2
ru	indiaeducationdiary	2
en	mydailyregister	2
ar	kpax	2
zh	whptv	2
en	pardaphash	2
en	rte	2
en	rotoruadailypost	2
en	joplinglobe	2
zh	greenfieldreporter	2
en	tristatehomepage	2
en	colombopage	2
pt	crescent-news	2
es	msf	2
ru	firstcoastnews	2
fr	businessweek	2
en	arkansasmatters	2
fr	post-gazette	2
en	seacoastonline	2
en	thetowntalk	2
en	timeslive	2
en	goerie	2
en	lakenewsonline	2
zh	oie	2
es	chinapost	2
es	boisestatepublicradio	2
en	kmov	2
en	brownsvilleherald	2
en	thisiscornwall	2
en	mo	2
pt	nj	2
en	dailystar	2
en	theguardian	2
ru	wect	2
en	fowlertribune	2
fr	iol	2
en	ghananewsagency	2
ru	azcentral	2
es	nbc-2	2
en	abc3340	2
en	thisisleicestershire	2
en	afriquinfos	2
en	newstimeafrica	2
en	kgw	2
en	yourdailyglobe	2
ru	hazard-herald	2
en	mystateline	2
en	wane	2
en	wgmd	2
pt	winnipegfreepress	2
en	greaterkashmir	2
en	edhat	2
en	omaha	2
es	times-herald	2
es	thehimalayantimes	2
ru	thecherokeean	2
en	currentargus	2
en	thisishullandeastriding	2
zh	vancouversun	2
ru	kelownadailycourier	2
en	fox43	2
en	wjhg	2
id	wsaz	2
en	poughkeepsiejournal	2
en	mpbn	2
zh	kristv	2
es	ap	2
zh	windsorstar	2
en	wxyz	2
en	wina	2
en	heraldandnews	2
en	wivb	2
en	vindy	2
en	al	2
en	uppermichiganssource	2
en	ksn	2
pt	eurosurveillance	2
es	dailyamerican	2
zh	cbc	2
en	ottawacitizen	2
en	forumcomm	2
en	hjnews	2
es	thisishampshire	2
pt	travelmole	2
en	presstelegram	2
pt	oyetimes	2
en	shorenewstoday	2
en	wbtv	2
en	katv	2
en	mndaily	2
zh	guardian	2
en	whas11	2
en	post-gazette	2
en	charlotteobserver	2
en	modbee	2
en	newsroomamerica	2
en	heraldscotland	2
en	wiscnews	2
en	kyforward	2
pt	ugpulse	2
fr	660news	2
pt	thehimalayantimes	2
en	tampabay	2
en	ketknbc	2
ar	tvnz	2
pt	ninemsn	2
es	djournal	2
en	lajollalight	2
en	spiegel	2
en	kltv	2
en	knoxnews	2
ru	examiner	2
pt	boisestatepublicradio	2
en	bangaloremirror	2
en	agra-net	2
fr	nbcnews	2
pt	myfox8	2
en	upi	2
en	wtop	2
es	billingsgazette	2
fr	cmaj	2
en	miamiherald	2
es	stltoday	2
fr	hindustantimes	2
es	wggb	2
zh	foodconsumer	2
en	starcourier	2
en	motherjones	2
en	vtdigger	2
en	weau	2
fr	timescolonist	2
zh	thepacker	2
en	times-herald	2
en	parkerliveonline	2
en	thetranscript	2
en	innisfilscope	2
pt	thisisleicestershire	2
ar	patch	2
zh	newschannel5	2
en	mindanews	2
en	bestofneworleans	2
en	dailyvoice	2
en	alaskapublic	2
fr	chicagotribune	2
en	wkbw	2
en	koaa	2
es	thisisstaffordshire	2
en	punjabnewsline	2
en	ndtv	2
en	cairns	2
en	health24	2
zh	clickorlando	2
fr	newser	2
ar	cbslocal	2
en	ca	2
fr	syracuse	2
en	poststar	2
ru	nation	2
ru	siouxcityjournal	2
zh	cnweekly	2
es	thenational	2
en	ravallirepublic	2
ru	eastcountymagazine	2
zh	bernama	2
en	vendingmarketwatch	2
en	ochealthinfo	2
es	pharmpro	2
en	villagesoup	2
ru	spiegel	2
en	thefountainpen	2
en	yorkshireeveningpost	2
zh	nashuatelegraph	2
en	wireupdate	2
es	suntimes	2
en	iwpr	2
en	nbc15	2
en	kesq	2
en	pjstar	2
es	bernama	2
en	expatica	2
en	pressrepublican	2
ru	newvision	2
es	tribune	2
en	newsmagazinenetwork	2
es	newswise	2
en	northcentralpa	2
en	philly	2
fr	orlandosentinel	2
ru	sys-con	2
en	wvec	2
en	arabianbusiness	2
pt	dailyecho	2
ar	alarabiya	2
es	newstrib	2
en	foxcarolina	2
en	shreveporttimes	2
zh	limaohio	2
en	theadvocate	2
en	daytondailynews	2
en	kcbd	2
en	centralasiaonline	2
en	wtaq	2
en	thelcn	2
es	kff	2
es	foodpoisonjournal	2
es	wsaz	2
en	wboc	2
en	valleycentral	2
fr	arkansasmatters	2
en	sunshinecoastdaily	2
en	warwickcourier	2
en	pharmacynews	2
en	pressdemocrat	2
es	greenfieldreporter	2
fr	dailymail	2
ru	foxnews	2
en	foxcharlotte	2
pt	tribune	2
en	wcbi	2
es	timesrecordnews	2
en	marshfieldnewsherald	2
es	suwanneedemocrat	2
en	wave3	2
en	jconline	2
es	redditchstandard	2
en	vcstar	2
pt	macaudailytimes	2
ru	tribune	2
id	khozradio	2
zh	jagran	2
en	crawleyobserver	2
en	kptv	2
en	kvue	2
en	castanet	2
fr	bhaskar	2
ar	democratherald	2
en	wcax	2
en	ktvb	2
ru	scotsman	2
en	kiiitv	2
en	reformer	2
en	aidsmap	2
en	newstalk1010	2
en	lasvegassun	2
en	telegraph	2
en	salemnews	2
zh	reuters	1
en	inews880	1
en	argentinaindependent	1
en	wjactv	1
en	weku	1
en	rappler	1
en	myhealthnewsdaily	1
en	onlymyhealth	1
en	1340wgau	1
es	statesman	1
en	news9	1
en	macaudailytimes	1
en	kktv	1
zh	chicagotribune	1
en	Á¬∫ 	1
en	sanramonexpress	1
en	westofthei	1
ar	cri	1
es	hickoryrecord	1
en	wflx	1
en	havasunews	1
en	nelsonstar	1
en	dailybulletin	1
fr	texasgopvote	1
en	capitalgazette	1
fr	wect	1
en	leaderpost	1
en	sunlive	1
en	register-herald	1
en	hudsonhubtimes	1
en	outpatientsurgery	1
es	tri-cityherald	1
en	perryvillenews	1
en	kare11	1
ru	jamestownsun	1
es	dailyranger	1
en	itemlive	1
en	florala	1
pt	ksn	1
ar	bhaskar	1
en	newsandtribune	1
en	stalbertgazette	1
es	abc27	1
en	jcfloridan	1
es	expatica	1
es	cbsnews	1
en	wkzo	1
en	hernandotoday	1
en	thehindubusinessline	1
en	pattayadailynews	1
en	nhpr	1
en	madhunt	1
pt	businessweek	1
en	colusa-sun-herald	1
es	chicagotribune	1
es	local15tv	1
en	foxyoungstown	1
en	goldengatexpress	1
en	pinknews	1
en	express	1
en	fox40	1
en	jeffersonpost	1
en	suwanneedemocrat	1
ar	tribune	1
en	emcottawaeast	1
pt	chicagotribune	1
en	dailyecho	1
en	southendstandard	1
en	mcphersonsentinel	1
en	globaltvbc	1
en	8newsnow	1
en	irishtimes	1
zh	ap	1
es	ghanaweb	1
fr	wlfi	1
fr	cdc	1
en	sabc	1
en	tbo	1
es	whig	1
pt	nunatsiaqonline	1
en	baylorlariat	1
pt	foodbeat	1
fr	news	1
en	maravipost	1
en	tristate-media	1
en	rantoulpress	1
en	macon	1
en	nashobapublishing	1
en	ksallink	1
en	gponline	1
ar	fwi	1
en	thechronicle	1
en	wetmtv	1
en	namibian	1
en	ksee24	1
en	wellandtribune	1
en	‘ 	1
en	njtoday	1
es	dailypioneer	1
en	nbcmontana	1
es	dailystar	1
ru	ksn	1
pt	desmoinesregister	1
id	tribune	1
id	wkyt	1
en	theolivepress	1
SS	marinij	1
en	vivaloudoun	1
ar	jamestownsun	1
pt	plenglish	1
en	vietnamnet	1
zh	topnews	1
en	10298	1
en	rbth	1
en	ckom	1
en	wltz	1
fr	currentargus	1
es	nunatsiaqonline	1
en	9821	1
en	kxan	1
es	kttn	1
en	dailyamerican	1
fr	thetranscript	1
en	nptelegraph	1
en	thebraziltimes	1
en	daily49er	1
es	radionz	1
id	wishtv	1
en	vision	1
zh	google	1
en	nyulocal	1
en	indiatvnews	1
fr	redhillandreigatelife	1
en	6‘ºA`L¡ßOöóR∏á	1
fr	thenational	1
en	13wham	1
en	awoko	1
en	brownwoodtx	1
en	dailyindependent	1
es	ekstrabladet	1
pt	ksla	1
en	radioaustralia	1
pt	journalstandard	1
es	abc	1
en	myeasternshoremd	1
en	opb	1
en	fatcatwebproductions	1
pt	ng	1
en	thenationonlineng	1
en	ÃEJØ⁄Ã≈“YÕ!≤≤çï~^}U*ËÍåîÏã,)Âcë	1
ru	calgaryherald	1
en	wtsp	1
en	spokesman	1
pt	timesnews	1
ar	chinapost	1
ar	kolotv	1
en	alicetx	1
en	ghana	1
id	havasunews	1
en	®¸ƒÃE%û3◊à∆‰˘Âl*bC» <=¨Æ¯1˝∂Wàp‹%(	1
en	drf	1
es	wvec	1
es	kolotv	1
en	cri	1
en	golocalworcester	1
en	brantfordexpositor	1
es	outpatientsurgery	1
en	superiortelegram	1
en	kuhf	1
id	newstalk1010	1
en	lakeconews	1
en	crookstontimes	1
fr	wmbb	1
en	canoe	1
en	kjrh	1
en	rthk	1
fr	phillyburbs	1
en	myfoxphilly	1
en	hsj	1
id	pal-item	1
en	mysinchew	1
es	nj	1
en	wisconsinrapidstribune	1
es	wjtv	1
en	fenlandcitizen	1
es	nashuatelegraph	1
en	gaynz	1
en	ljworld	1
pt	gnom	1
en	columbiabasinherald	1
en	wdtv	1
en	theboltonnews	1
en	waff	1
en	easthamptonstar	1
zh	nnsl	1
en	buenosairesherald	1
zh	wkyt	1
en	peacefmonline	1
en	abc2news	1
fr	miamiherald	1
en	local2	1
en	mcrecord	1
en	hotnhitnews	1
id	suntimes	1
id	ooskanews	1
en	westsideconnect	1
en	kztv10	1
ar	cmaj	1
zh	kionrightnow	1
en	ÊnªûÙÄ	V]„úä2Qä-dFÃRJc]âù	nx“t…qÌ∞9ÓÑÊ¬»P°j÷g2E°3u)∫	1
en	appeal-democrat	1
en	Ω	1
es	ft	1
en	fayetteadvocate	1
en	duke	1
en	king5	1
en	dailyregister	1
en	swiftcountymonitor	1
en	antrimreview	1
en	maltatoday	1
es	thepoultrysite	1
es	monitor	1
ar	nbcnews	1
ru	ibtimes	1
en	columbian	1
en	columbustelegram	1
en	starnewsonline	1
en	onlinesentinel	1
en	azfamily	1
en	wabi	1
pt	wibw	1
en	fortmcmurraytoday	1
fr	thevwindependent	1
en	wpxi	1
en	manilastandardtoday	1
fr	wmctv	1
en	nevadaappeal	1
fr	ca	1
en	northcoastnow	1
es	observertoday	1
en	app	1
pt	wtva	1
en	nwherald	1
fr	daytondailynews	1
id	newswise	1
en	dailyprogress	1
en	jarrowandhebburngazette	1
en	northumberlandnews	1
en	thevwindependent	1
ru	who	1
es	digtriad	1
pt	tennessean	1
en	8185	1
ru	err	1
pt	columbustelegram	1
en	dairyherd	1
en	news-herald	1
zh	monitor	1
en	farminguk	1
en	dailytrib	1
en	leadertelegram	1
en	1011now	1
es	centralillinoisproud	1
en	nzcity	1
ar	wigantoday	1
fr	whlt	1
pt	mankatofreepress	1
id	torringtontelegram	1
en	lbc	1
zh	orlandosentinel	1
en	irishcentral	1
en	eastoncourier	1
en	jacksonheraldtoday	1
en	gattonstar	1
es	toledoblade	1
en	news-medical	1
es	wcpo	1
fr	sys-con	1
en	e-pao	1
en	taftmidwaydriller	1
es	chattanoogan	1
en	whtimes	1
en	kmbz	1
en	theyeshivaworld	1
es	umn	1
ru	medcitynews	1
es	thefountainpen	1
en	˝⁄∑ÒøÎ¶ Ä+bó`…PáµÕÑEq%‘·≠ç¥‰ñMÄ3NQ	1
en	paherald	1
fr	leta	1
fr	wbur	1
en	indeonline	1
zh	chinapost	1
en	meadvilletribune	1
es	charltoncountyherald	1
en	stimme	1
fr	sportsmole	1
ar	bellinghamherald	1
en	israelnationalnews	1
en	wnyt	1
fr	kcentv	1
en	katu	1
id	starafrica	1
en	thetelegraph	1
en	royalcaribbeanblog	1
es	focustaiwan	1
en	©Ç´©5TMà Ä 9Ë	€o-’{≤Pz)^¯G9Öî’¡üÁòhøŒ'eRèÅ˜Q	1
ar	thenews	1
en	ukiahdailyjournal	1
en	idahostatesman	1
en	newcastlestar	1
en	mankatofreepress	1
en	wnep	1
zh	dairyherd	1
es	argentinaindependent	1
es	fox5vegas	1
en	thisisplymouth	1
en	sierraexpressmedia	1
zh	prnewswire	1
en	dailyjournal	1
en	cbs8	1
es	wigantoday	1
es	tribune242	1
en	kake	1
en	tribune242	1
id	ugpulse	1
en	presstv	1
en	kwch	1
es	chroniclenewspaper	1
en	toledoblade	1
en	9708	1
en	elpasotimes	1
es	carmitimes	1
pt	cbsnews	1
en	iwradio	1
en	aljazeera	1
pt	starafrica	1
en	[®Ù>ä±Ñò˚N`√É9§‚y«2‘ÚÜ€èö®Éô”ì3˛∆%úe≠yª"Œºã8µ5Îæœsß0èS\iˇ	1
en	batesvilleheraldtribune	1
pt	timesrecordnews	1
en	hometownstation	1
en	wtvm	1
en	îÖûéâdàòBa∞J[î÷,2ËZ√™ a√`B¯‹Ë>Ò≥	1
es	theledger	1
pt	7thspace	1
en	sfappeal	1
en	q13fox	1
es	wkyt	1
pt	wina	1
en	wrex	1
ru	pharmpro	1
en	thehill	1
en	islandpacket	1
en	brainerddispatch	1
en	nordjyske	1
en	practicebusiness	1
en	cumberlink	1
es	khozradio	1
en	thisissurreytoday	1
zh	indiaeducationdiary	1
zh	nbcwashington	1
en	irishhealth	1
en	kvewtv	1
en	duluthnewstribune	1
en	wvpubcast	1
en	midcitiesonline	1
SS	siouxcityjournal	1
en	newrichmond-news	1
en	times-standard	1
es	wane	1
ru	news-medical	1
en	erietvnews	1
en	siouxcityjournal	1
en	southcoasttoday	1
fr	thespec	1
en	midlandfreepress	1
pt	wkyt	1
en	atmorenews	1
en	burlingtonfreepress	1
en	tribstar	1
ar	thehimalayantimes	1
fr	hometownstation	1
en	ghanaweb	1
ar	counton2	1
es	dailybreeze	1
en	kmvt	1
en	theprogress	1
zh	business-standard	1
fr	nbcnewyork	1
en	clarionledger	1
en	helpingyoucare	1
en	hmbreview	1
ar	newstalk1010	1
en	ù*c§¥JXê¬æ A≥F!á9&[©ç	1
es	err	1
en	thedenverchannel	1
en	benningtonbanner	1
pt	redorbit	1
en	wbiw	1
ar	crawleyobserver	1
en	aol	1
en	jaapa	1
en	garnernews	1
ru	cmaj	1
es	newsroomamerica	1
en	mysouthwestga	1
en	reporternewspapers	1
id	dailybreeze	1
en	8Ú*Æ…ô§¨ºfà›±ChU¸ÍAŸp	1
en	dunstabletoday	1
ar	cbc	1
es	dawn	1
en	heraldtimesonline	1
es	star-telegram	1
en	fox16	1
en	runcornandwidnesweeklynews	1
id	clarksvilleonline	1
en	newsleader	1
en	nbc-2	1
en	bremertonpatriot	1
en	doorcountyadvocate	1
ru	nbcnews	1
fr	courierpostonline	1
en	lusakatimes	1
ru	neontommy	1
en	fox4kc	1
en	themercury	1
pt	htrnews	1
en	çˆ≤ZÌòÍÒ©πîŸ&Qaó4\TPÁ	1
en	mmtimes	1
en	cbn	1
fr	hetq	1
zh	wgntv	1
en	londoncommunitynews	1
en	redding	1
en	sahilonline	1
en	assamtimes	1
en	kxly	1
en	oyetimes	1
fr	londonderrynh	1
en	thesttammanynews	1
pt	kcentv	1
en	ft	1
es	thetimesherald	1
es	newstalk1010	1
en	readingeagle	1
en	care2	1
ar	ghanaweb	1
pt	tristatehomepage	1
en	leta	1
en	khsltv	1
en	woodlandsonline	1
es	bnd	1
en	mpbonline	1
en	nbc11news	1
pt	cjme	1
en	keprtv	1
es	in	1
fr	milforddailynews	1
en	emporiagazette	1
en	carmitimes	1
es	iwpr	1
en	post-journal	1
en	ctpost	1
en	ksl	1
en	irishexaminer	1
en	minicassiavoice	1
pt	startribune	1
pt	timeslive	1
es	savannahnow	1
zh	about	1
en	nbc12	1
en	newscentralga	1
en	savannahnow	1
pt	portalangop	1
en	calcoastnews	1
en	indystar	1
en	nsw	1
fr	jamestownsun	1
en	theadvertiser	1
en	wwltv	1
en	kff	1
pt	nptelegraph	1
es	baltimoresun	1
id	vendingmarketwatch	1
en	ibtimes	1
en	cjme	1
en	news-journalonline	1
en	delhinewsrecord	1
en	texasgopvote	1
en	sunjournal	1
en	pbs	1
en	union-bulletin	1
en	blackburnnews	1
en	geelongadvertiser	1
en	kgoskerm	1
en	fcmbl	1
en	gulflive	1
en	manicapost	1
en	≤L†Ÿc*\ﬁ&<Ç◊ñƒ†œ»«o5 |7 	1
en	whdh	1
es	wtnh	1
en	¨FM[√µßÎÎ≠√]4V	1
fr	travelmole	1
en	belfasttelegraph	1
ru	farms	1
en	kpho	1
fr	cbsnews	1
zh	timesofmalta	1
ru	timesnews	1
en	straitstimes	1
en	johnogroat-journal	1
en	gather	1
en	afr	1
es	witn	1
fr	yahoo	1
zh	wkrg	1
en	xinhuanet	1
en	noco5	1
es	wvgazette	1
fr	dailyprogress	1
ru	msf	1
en	dﬂ	1
en	eastoregonian	1
es	pottsmerc	1
ar	whtimes	1
en	parkrecord	1
en	moneycontrol	1
en	thelocal	1
pt	wowktv	1
pt	walb	1
es	crescent-news	1
es	centredaily	1
zh	wlfi	1
en	lufkindailynews	1
en	latinospost	1
en	dailyranger	1
en	fox23news	1
ar	necn	1
en	myfoxboston	1
pt	stuff	1
en	12106	1
en	11107	1
zh	news-medical	1
ru	greenfieldreporter	1
pt	readingeagle	1
en	wdbj7	1
ru	healthmap	1
en	lancashiretelegraph	1
en	myfoxhouston	1
en	newsshopper	1
en	cambstimes	1
fr	irishexaminer	1
en	kqed	1
ar	charltoncountyherald	1
en	µ˛≤Áé¯59◊8rb¸c&"fçæ%OûÌ™Î	iWøÈæ•;LG˘Ø¬ï’)˛S[¡$ÿ‘â&√6Õ£â •%∫òÿ„IÊÎzìÃæ	1
en	dailyorange	1
en	nashuatelegraph	1
pt	emirates247	1
en	therandolphleader	1
pt	guardian	1
en	dailypress	1
en	moultrieobserver	1
en	pmnewsnigeria	1
es	abc-7	1
zh	cavalierdaily	1
ru	bremertonpatriot	1
en	kxii	1
ru	eastoncourier	1
pt	sudantribune	1
en	newsadvance	1
zh	eturbonews	1
en	ktnv	1
es	thenews	1
en	thenelsondaily	1
en	{˙¢◊Yr7ò†v¢ãxè¿OR{˚ñ∫ƒÒRWúJÅ,'Ë√ôøÉY	1
es	thewesterlysun	1
ar	northernadvocate	1
en	10071	1
pt	chroniclenewspaper	1
es	thefishsite	1
en	arabtimesonline	1
es	bloomberg	1
fr	thefountainpen	1
ru	marshfieldnewsherald	1
es	ticotimes	1
en	heraldextra	1
zh	modbee	1
en	dailybreeze	1
es	thisistamworth	1
en	wyandottedailynews	1
es	mitchellrepublic	1
en	worldcrunch	1
en	nebraskaradionetwork	1
en	wsau	1
en	twitter	1
id	fox4kc	1
fr	shanghaidaily	1
ar	google	1
en	nyacknewsandviews	1
es	nbcnewyork	1
en	daily-journal	1
en	lsureveille	1
en	lsjournal	1
en	theoaklandpress	1
en	§Ë’ÍM›ÿñq–àÕ ∑›{ÆÜÙ;ﬁûbä¯N„fszî’(¬bç˙"-xêv¸HaãËM’3öuµnï≈≠Í6ù^€(	1
fr	afriquinfos	1
en	dcourier	1
ar	knoe	1
en	hickoryrecord	1
pt	shorenewstoday	1
en	newstrib	1
en	kolotv	1
pt	baltimoresun	1
es	environmental-expert	1
en	ﬁCPÆu´ÒÓ$¬ﬂåEXaóñä	1
ar	timesunion	1
en	abqjournal	1
en	phillyburbs	1
zh	healthaim	1
pt	wireupdate	1
en	asiaone	1
id	aht	1
es	munciefreepress	1
en	bexleytimes	1
en	wrbl	1
pt	news-medical	1
en	szcpost	1
en	kuna	1
en	gainesville	1
en	jamestownpress	1
fr	firstcoastnews	1
ar	yourhoustonnews	1
id	canberratimes	1
en	9166	1
zh	dailyrecord	1
id	inquirer	1
en	timesofmalta	1
ru	parkerliveonline	1
en	7517	1
en	a£ÆH	1
en	kansascity	1
en	longislandpress	1
ru	topnews	1
en	thecalifornian	1
en	swcbulletin	1
en	wgem	1
ru	newcastlestar	1
es	thestar	1
en	westernfrontonline	1
es	clarksvilleonline	1
en	brewtonstandard	1
en	rnzi	1
en	ashlandwi	1
en	heraldnews	1
en	columbiatribune	1
ru	cnn	1
pt	knoe	1
es	google	1
en	heraldseries	1
en	daggerpress	1
en	twoharborsmn	1
ru	khozradio	1
fr	crawleyobserver	1
zh	turnto10	1
es	midcitiesonline	1
en	newschannel34	1
zh	staceypageonline	1
en	travelerstoday	1
en	jamaica-gleaner	1
fr	rbth	1
en	paxtonrecord	1
en	staffordshirenewsletter	1
zh	mo	1
en	santamariatimes	1
id	reuters	1
en	thesouthern	1
en	hetq	1
fr	thenationonlineng	1
es	deccanchronicle	1
en	wfmj	1
id	fox8live	1
en	goldcoast	1
ar	hindustantimes	1
en	wdel	1
en	Œ6`T	√†G	1
zh	milforddailynews	1
en	knoxweekly	1
es	cleveland	1
en	kbtx	1
ar	ynn	1
SS	geo	1
es	israelhayom	1
en	gazebonews	1
ar	readingeagle	1
pt	democracynow	1
es	htrnews	1
ru	confectionerynews	1
pt	medcitynews	1
en	wtok	1
ar	wbng	1
fr	komonews	1
pt	thisissomerset	1
en	˝ﬁ6“tf·<y5ãó0mïãieö»7´Bß\b2ΩN›NUÑÓ»"™mó£∆˙ÑÅø $…ÂáàÈHÌ–yJﬂåµu∆ Ú+	1
en	picayune-times	1
en	koamtv	1
zh	kptv	1
en	reporternews	1
es	prnewswire	1
en	timesjournalonline	1
en	buryfreepress	1
en	afriquejet	1
en	oheraldo	1
pt	thenews	1
en	dailyastorian	1
en	‡äÎ-Aîr_+ÔπÌ®z˙†”qOû]¬Übœl‚ûΩ!ÅZIπ e_M◊_jRw˜'‰÷≠à´°U-{YåT7|Q¥˚|ÒJ¸⁄òÿﬂ≥”ö≈Ì∆F,Œàh—F•©≠}	1
en	newarkadvocate	1
en	theindependent	1
en	mississauga	1
en	thetimesnews	1
pt	chieftain	1
en	mycentraljersey	1
en	thegazette	1
en	wtvq	1
es	rappler	1
pt	azcentral	1
zh	voanews	1
en	cbs3springfield	1
en	sagharboronline	1
en	bioscholar	1
en	newsmaxhealth	1
en	citifmonline	1
pt	sabc	1
en	galesburg	1
en	fox8live	1
en	durhamregion	1
es	emirates247	1
fr	abc2news	1
es	dailycomet	1
ar	wpsdlocal6	1
en	enterprisenews	1
zh	sunherald	1
es	kare11	1
en	healthaim	1
en	peopledaily	1
ru	abc2news	1
en	mercopress	1
en	news-leader	1
ar	cbsnews	1
en	democracynow	1
en	kboi2	1
en	bismarcktribune	1
ru	businessweek	1
es	news	1
ar	bestofneworleans	1
es	marshfieldnewsherald	1
en	ledburyreporter	1
ru	wishtv	1
fr	bradenton	1
fr	baltimoresun	1
en	thewesterlysun	1
ru	whereilive	1
es	shorenewstoday	1
en	îmöå«C1ê¢`ŸªC	1
zh	theadvertiser	1
en	newswise	1
en	cedarspringspost	1
en	swbooster	1
es	thehorse	1
ar	clarksvilleonline	1
es	brevardtimes	1
fr	timesunion	1
en	liverpoolecho	1
en	postbulletin	1
en	newswales	1
en	minnpost	1
zh	philstar	1
id	peopledaily	1
en	ktre	1
en	foodworldnews	1
en	aafp	1
en	hattiesburgamerican	1
en	gpb	1
en	recordonline	1
en	6756	1
en	henryherald	1
fr	kuhf	1
fr	bloomberg	1
pt	clarksvilleonline	1
es	inforum	1
en	legalexaminer	1
es	hetq	1
es	pia	1
en	sportsmole	1
en	globalsaskatoon	1
en	wsav	1
en	salemleader	1
pt	healthywildlife	1
zh	nbc40	1
en	keepmecurrent	1
es	fowlertribune	1
ru	wdam	1
en	thisweeknews	1
en	agriview	1
zh	pottsmerc	1
en	saratogian	1
en	kxoradio	1
pt	asiaone	1
en	lowellsun	1
en	9168	1
en	wbng	1
en	8807	1
zh	ksallink	1
en	energeticcity	1
en	torringtontelegram	1
pt	clarionledger	1
en	scnow	1
ru	wsls	1
en	og	1
en	bainbridgereview	1
ar	idahostatesman	1
pt	err	1
en	maplevalleyreporter	1
en	sfexaminer	1
en	gbcghana	1
en	nunatsiaqonline	1
en	gsnmagazine	1
fr	israelnationalnews	1
es	hattiesburgamerican	1
en	kxxv	1
en	eatdrinkexplore	1
fr	kionrightnow	1
en	theobserver	1
en	wset	1
en	brandonsun	1
es	starafrica	1
en	localnews8	1
en	ktuu	1
ru	france24	1
id	jamestownsun	1
pt	foodconsumer	1
es	bizjournals	1
es	colombopage	1
en	myfox47	1
en	carolinalive	1
pt	unicef	1
en	missoulian	1
id	infozine	1
en	chroniclenewspaper	1
ru	nunatsiaqonline	1
en	wcpo	1
ar	myfox8	1
en	ticotimes	1
en	hawkesbaytoday	1
en	nyasatimes	1
en	millburysutton	1
es	wgntv	1
zh	care2	1
es	heraldonline	1
fr	theyeshivaworld	1
en	oceanaheraldjournal	1
en	confectionerynews	1
en	wwaytv3	1
es	wsls	1
en	ecns	1
en	typepad	1
en	wsvn	1
es	webwire	1
zh	newvision	1
en	ahherald	1
en	kjonline	1
pt	wrex	1
en	redhillandreigatelife	1
es	washingtonexaminer	1
ar	thisisstaffordshire	1
en	adirondackdailyenterprise	1
pt	upi	1
pt	jconline	1
ru	pjstar	1
en	nwaonline	1
en	peterboroughtoday	1
en	delconewsnetwork	1
en	woai	1
ar	wmbb	1
en	westfieldrepublican	1
en	mysuncoast	1
id	wsls	1
en	midwestproducer	1
en	11800	1
es	theolivepress	1
en	dr	1
en	niagarathisweek	1
es	batesvilleheraldtribune	1
en	bristol247	1
en	bayoubuzz	1
en	zambianwatchdog	1
fr	adirondackdailyenterprise	1
en	myfoxtwincities	1
zh	marketwatch	1
pt	ourmidland	1
en	healthleadersmedia	1
en	thesundayleader	1
zh	sys-con	1
en	krqe	1
en	3¬≠A≠NY§	gö€õS)Ói3)	1
pt	wmctv	1
en	bayshorebroadcasting	1
en	usforacle	1
en	vvdailypress	1
zh	plenglish	1
en	shape	1
en	thetown-crier	1
pt	todaystmj4	1
id	thehimalayantimes	1
ar	kgw	1
es	myfoxatlanta	1
en	hvpress	1
es	fox8live	1
en	dailytelegraph	1
en	record-bee	1
en	producer	1
en	sabahionline	1
en	csbj	1
en	fultonsun	1
en	ourmidland	1
ru	necn	1
en	wsjm	1
en	tricities	1
fr	pottsmerc	1
en	heraldnet	1
en	state-journal	1
ru	xinhuanet	1
en	theleafchronicle	1
en	samesame	1
zh	ukzambians	1
fr	capitalfm	1
es	caller	1
en	lebanondailyrecord	1
en	hqgrandeprairie	1
zh	medcitynews	1
en	troyrecord	1
id	aginfo	1
ar	610cktb	1
pt	woai	1
pt	phillyburbs	1
es	siouxcityjournal	1
en	newrytimes	1
en	630wpro	1
en	5$©1TYﬁ17ìùπ˝≠[œ	1
en	starafrica	1
en	watoday	1
en	telegram	1
en	timesnews	1
en	thisistamworth	1
ru	allvoices	1
en	piercecountyherald	1
en	trib	1
en	theweeklyrevieweastern	1
id	foxnews	1
es	winknews	1
en	stlamerican	1
en	areawidenews	1
ru	yonhapnews	1
pt	westofthei	1
es	8185	1
ar	ravallirepublic	1
pt	starfl	1
en	wdaz	1
en	dailypost	1
en	stignacenews	1
ar	israelhayom	1
es	kristv	1
en	indiaeducationdiary	1
en	mywesttexas	1
fr	vendingmarketwatch	1
en	northernstar	1
en	thecherokeean	1
en	aginfo	1
en	chieftain	1
es	kstc45	1
es	koamtv	1
en	wgntv	1
en	sltrib	1
es	reuters	1
ru	fredericknewspost	1
en	dchieftain	1
en	theosakisreview	1
ar	wgmd	1
en	pZ$DÂGvL1J[Ë£=ˆ¢åjb∑∆1êß∆[˚™Å_*ß˚HÜSŒ¸TDqÉÈ	1
zh	siouxcityjournal	1
zh	irinnews	1
en	kivitv	1
ru	seattletimes	1
en	nationalpost	1
en	kentucky	1
en	kentonline	1
fr	ctvnews	1
en	wavuti	1
pt	firstcoastnews	1
fr	seacoastonline	1
en	manchestereveningnews	1
en	wmtw	1
en	breakingnews	1
en	hsvvoice	1
en	thetelegram	1
es	mlive	1
en	lehighvalleylive	1
en	enewscourier	1
ru	nzherald	1
zh	boisestatepublicradio	1
en	ŸﬂÃÚŒÊ9I„VtÌAøI«ÀôØÊv◊e’-•dñTq>∫˜î¯–k¬åˇf3Odr∫X®ùÖiÂy2ÊWÁEy¸°nÂéô"Qà"ûê&c<ä√~	1
es	shanghaidaily	1
en	beaumontenterprise	1
en	newsandsentinel	1
en	iià)¨ìæJã}-$†S|T*ˆ}3*{bÌm+•Ç√>ónõõHâ˚f¢>Ω≤˚’ ¢¯√à`215 PY¢´∂ÿPC˛Û≠‰ˆÀ	1
en	golocalprov	1
es	newcastlestar	1
en	solopos	1
en	krcrtv	1
en	shetnews	1
en	planetprinceton	1
pt	khozradio	1
en	pctonline	1
id	chinapost	1
ar	recordonline	1
pt	dailyrecord	1
id	umn	1
en	thisissomerset	1
es	inquirer	1
en	alarabiya	1
ar	dailypioneer	1
en	harborlightnews	1
es	kvue	1
en	globalpost	1
en	wnct	1
zh	fox19	1
pt	independent	1
en	information	1
fr	tribstar	1
ru	chicagotribune	1
en	miningjournal	1
es	seattletimes	1
es	fayobserver	1
en	err	1
en	heartlandconnection	1
en	sheridanmedia	1
en	htrnews	1
en	jacksonvilleprogress	1
en	getsurrey	1
en	thisissouthwales	1
es	infectioncontroltoday	1
fr	nasdaq	1
en	basingstokegazette	1
es	irishexaminer	1
zh	newsmaxhealth	1
en	3aw	1
zh	vaccinenewsdaily	1
en	kmph	1
en	dailytarheel	1
es	cdc	1
en	actionnewsjax	1
es	theleafchronicle	1
en	journal-advocate	1
en	malverngazette	1
fr	rttnews	1
en	wsj	1
es	newsmaxhealth	1
zh	theyeshivaworld	1
en	am1150	1
en	wwl	1
pt	chinapost	1
en	herald-dispatch	1
pt	winknews	1
es	actionnewsjax	1
zh	10tv	1
en	gosanangelo	1
en	whig	1
ru	ekstrabladet	1
en	cnycentral	1
en	pÖ{∑‰Œ † 7°É2‹ T[◊ƒ–µÜè^¨∞*«˛∂r±Zë&	1
fr	kmvt	1
en	onmedica	1
en	washingtonexaminer	1
en	mb	1
pt	nyulocal	1
en	agi	1
fr	newschannel5	1
en	marketwire	1
en	standardbredcanada	1
en	londonderrynh	1
pt	nursinginpractice	1
en	northamptonchron	1
es	bhaskar	1
fr	gazettetimes	1
en	recordnet	1
en	amarillo	1
en	‚2bÃ⁄«â˜˝>ﬁΩ†Äòòfª“i∞ Â	¯‚î Æ ﬁ	1
es	wcax	1
es	kuhf	1
es	tampabay	1
en	oregonlive	1
en	gulfnews	1
en	reason	1
ru	iol	1
es	thanhniennews	1
en	scpr	1
en	israelhayom	1
en	demerarawaves	1
en	8810	1
pt	12106	1
en	producenews	1
fr	nationalpost	1
en	komonews	1
es	thecitizen	1
ru	wcvb	1
en	ens-newswire	1
en	indiancountrytodaymedianetwork	1
en	victoriaadvocate	1
en	680news	1
es	thesundaily	1
es	mysinchew	1
en	kval	1
en	J¬<é›NÚoÆ\ñ	1
en	kuenselonline	1
en	wrdw	1
en	wfin	1
en	lagonian	1
id	foodsafetynews	1
ar	lakenewsonline	1
en	times	1
pt	nbcsandiego	1
es	nation	1
en	osceolaiowa	1
ru	plenglish	1
en	democratherald	1
es	ravallirepublic	1
es	phuketwan	1
en	frasercoastchronicle	1
fr	ashlandwi	1
en	kansas	1
ar	solopos	1
en	theforeigner	1
en	nationalhogfarmer	1
es	thehindu	1
pt	thecourier	1
ar	cnn	1
es	ashlandwi	1
en	harrisondaily	1
ru	asiaone	1
en	hispanicbusiness	1
en	arkansasonline	1
ar	hetq	1
en	newstimes	1
es	maltatoday	1
pt	reason	1
en	9629	1
pt	kvue	1
en	charltoncountyherald	1
ru	irishexaminer	1
en	wsiu	1
pt	dailyamerican	1
es	portalangop	1
en	kamloopsthisweek	1
en	pal-item	1
en	13wmaz	1
en	palmbeachpost	1
en	baxterbulletin	1
en	gulfislandsdriftwood	1
es	pbs	1
es	phillyburbs	1
en	wdam	1
es	timesnews	1
en	whtc	1
en	egpnews	1
id	voanews	1
zh	ctvnews	1
fr	readingeagle	1
en	9163	1
en	ktla	1
en	wusa9	1
en	roanoke	1
en	outdoorlife	1
es	knoxnews	1
pt	kctv5	1
en	abc57	1
en	wigantoday	1
en	vernonmorningstar	1
en	wifr	1
en	about	1
en	greenbaypressgazette	1
es	startribune	1
en	cnweekly	1
en	wsiltv	1
en	lincolncourier	1
en	thealpenanews	1
es	northernstar	1
en	whsv	1
en	                                                                                                                                                                                                                                                                                                                                                                                                                                                                                                                                                                                                                                                                                                                                                                                                                                                                                                                                                                                                                                                                                                                                                                                                                                                                                                                                                                                                                                                                                                                                                                                                                        R{Ípÿ¨|πEÅÚØjAµ lû…PLEƒ-\}~UÔáßÀkGR	)œècLA)=<UKïƒçß´ÿ ¬…GÃoÜ	1
ru	ft	1
es	texasgopvote	1
en	thecorknews	1
ru	dailyrecord	1
fr	farms	1
es	nbc4i	1
zh	huffingtonpost	1
fr	daily49er	1
en	timesfreepress	1
ar	6756	1
en	globo	1
ru	infozine	1
en	odt	1
ru	cleveland	1
en	newstalkradiowhio	1
en	dailycomet	1
fr	google	1
en	azgfd	1
id	patch	1
en	bsudailynews	1
en	battlecreekenquirer	1
es	producenews	1
en	smh	1
en	rdmag	1
fr	macaudailytimes	1
zh	nj	1
en	pressbanner	1
en	gulftoday	1
id	sys-con	1
en	browndailyherald	1
en	press-citizen	1
en	bangkokpost	1
id	webwire	1
en	japantimes	1
en	thisisnottingham	1
ru	nhregister	1
en	trivalleycentral	1
en	ÀÚÇç&¿N£ﬂZ˜	1
en	myfwc	1
ru	redorbit	1
en	scntx	1
es	ruvr	1
fr	wtvr	1
fr	wboy	1
zh	northcentralpa	1
en	theyucatantimes	1
es	wibw	1
es	moneycontrol	1
en	kitv	1
en	bellinghamherald	1
en	thecoastalsource	1
fr	thecalifornian	1
ar	fox40	1
en	gantdaily	1
ru	thepacker	1
pt	whptv	1
en	wsws	1
en	zamboangatoday	1
en	ÜBÆx[ıƒÁ$¯Ê~2ö;Â<è^®ﬁu	1
ar	570news	1
en	kachinnews	1
en	ukzambians	1
es	gazettetimes	1
es	dispatch	1
en	knightnews	1
es	cfnews13	1
es	deccanherald	1
en	cbs12	1
en	newsherald	1
id	11800	1
en	baristanet	1
en	wuwm	1
en	dailyitem	1
en	registercitizen	1
en	punchng	1
en	whereilive	1
en	educationreview	1
pt	allvoices	1
en	theintelligencer	1
en	starfl	1
en	hillsdalecollegian	1
en	`◊”	1
pt	thehorse	1
ru	thehorse	1
en	usf	1
es	nyulocal	1
en	maxpreps	1
en	cbsatlanta	1
es	katv	1
en	columbiamissourian	1
en	wataugademocrat	1
pt	voanews	1
en	bdtonline	1
pt	fcmbl	1
en	gazettenet	1
ru	firstpost	1
es	ourmidland	1
en	kenoshanews	1
en	wjfw	1
en	infectioncontroltoday	1
en	standartnews	1
en	thecherrycreeknews	1
ar	ugpulse	1
pt	gulflive	1
en	nursinginpractice	1
fr	times	1
fr	ghanaweb	1
zh	thestandard	1
pt	dawn	1
en	wilsoncountynews	1
