en	com	3738
en	org	2065
es	org	981
es	com	762
zh	com	741
zh	org	712
pt	org	388
pt	com	360
fr	com	295
ru	com	201
ru	org	155
ar	org	153
ar	com	148
en	co.uk	135
fr	org	117
en	ca	86
en	com.pk	67
en	net	61
en	int	60
en		56
en	co.nz	49
en	com.au	48
id	com	48
es	co.uk	40
id	org	30
zh	com.cn	30
es	co.nz	27
ru	co.uk	25
zh	ca	23
en	gov	21
en	tv	18
en	com.ph	18
en	co.ug	18
es	net	17
zh	cn	16
ar	co.uk	16
zh	co.uk	16
fr	ca	15
fr	net	12
ru	net	12
en	vn	12
en	co.ke	11
fr	co.uk	11
zh	es	10
en	net.au	10
ru	com.hk	10
es		10
es	int	9
en	co.za	9
ru	ca	9
pt	net	9
zh	vn	9
es	com.mx	8
fr	gov	8
en	de	8
zh	int	7
es	co.za	7
fr	com.pk	7
pt	co.uk	7
en	edu	7
ru	tv	6
en	in	6
es	es	6
es	com.au	6
en	ie	6
en	pa.us	6
ar	net	6
en	ae	6
en	lk	6
ar	co.nz	6
en	org.uk	6
en	blogspot.com	5
zh	co.kr	5
es	com.sa	5
en	tw	5
en	cn	5
en	co.tz	5
en	dk	5
ru	ru	5
fr	int	4
en	gov.ph	4
en	com.sa	4
id	org.uk	4
zh	gov.bt	4
ar	com.hk	4
en	com.ng	4
id	co.uk	4
en	es	4
es	gov	4
es	vn	4
en	com.my	4
en	com.tw	4
es	com.pk	4
zh	com.mo	4
es	com.cn	4
fr	com.ng	4
en	com.cn	3
pt	int	3
ru	com.au	3
es	ca	3
en	am	3
zh	com.ph	3
zh	co.ke	3
ar	com.sa	3
es	org.uk	3
en	co.ao	3
ru	com.pk	3
zh	com.pk	3
en	co.tt	3
fr	ae	3
zh	org.uk	3
fr	com.ph	3
ar	ae	3
en	com.hk	3
ru	gov.ph	3
ar	it	3
ar	int	3
zh	tw	3
en	us	3
en	ru	3
es	co.ug	3
en	com.mx	2
es	com.tw	2
id	co.ug	2
en	gov.bt	2
en	com.lb	2
es	us	2
ru	in	2
pt	co.za	2
pt		2
pt	com.mo	2
pt	com.cn	2
en	my	2
pt	com.au	2
en	co.zm	2
SS	com	2
fr	co.za	2
id	net	2
ar	com.pk	2
ar	ca	2
ru	co.ug	2
es	com.ph	2
pt	ca	2
zh	co.tt	2
zh	co.ug	2
ru	de	2
en	co.kr	2
en	pe.ca	2
es	ae	2
ar	co.za	2
en	net.nz	2
es	cn	2
pt	com.ng	2
zh	net	2
es	co.jp	2
ru		2
es	com.mt	1
id	com.pk	1
ru	ee	1
fr	lv	1
ar		1
ru	com.ng	1
fr	com.au	1
ru	co.cr	1
ru	dk	1
en	ph	1
en	org.sz	1
es	co.tt	1
en	gov.gh	1
en	hk	1
ru	int	1
zh	gov	1
pt	es	1
es	co.tz	1
en	no	1
fr	co.ke	1
es	gov.ph	1
ru	co.nz	1
en	lv	1
ar	com.tw	1
en	co.zw	1
es	am	1
fr	co.sz	1
id	com.tw	1
SS	tv	1
en	net.kw	1
fr	us	1
en	az	1
en	fl.us	1
en	co.sz	1
ru	co.za	1
en	mn.us	1
en	co.cr	1
pt	com.tw	1
en	com.mo	1
en	sk.ca	1
fr	com.mo	1
en	ee	1
id	com.au	1
en	ks.us	1
es	ee	1
id	edu	1
en	co.jp	1
es	com.lb	1
es	ru	1
es	co.ao	1
en	info	1
ru	us	1
fr	ru	1
en	fm	1
en	ir	1
en	mu	1
pt	co.tt	1
es	net.au	1
en	com.mt	1
en	com.na	1
zh	us	1
pt	com.pk	1
ru	co.kr	1
en	ug	1
zh	com.hk	1
id		1
zh	com.tw	1
pt	co.nz	1
es	edu	1
ar	cn	1
zh	in	1
ar	am	1
en	nr	1
id	com.cn	1
en	it	1
en	gov.au	1
es	info	1
fr	am	1
es	tw	1
en	sl	1
pt	co.ug	1
pt	co.ao	1
es	my	1
pt	ee	1
es	dk	1
